{"cameraMode":{"drawMode":0,"name":"Shaded","section":"Shading Mode"},"sceneLighting":false,"audioPlay":false,"sceneViewState":{"showFog":true,"showMaterialUpdate":false,"showSkybox":false,"showFlares":true,"showImageEffects":true,"showParticleSystems":true},"in2DMode":false,"pivot":{"x":1.3183555603027344,"y":1.0700000524520875,"z":2.0299999713897707},"rotation":{"x":-0.042566120624542239,"y":0.9260748624801636,"z":-0.35845446586608889,"w":-0.10997433215379715},"size":2.8578836917877199,"orthographic":false}